municipality_id,forecast_date,forecasted_on,rainfall,tmax,tmin,relative_humidity,wind_speed,lat,lon
1005,2024-11-19,2024-11-12,15.89,15.06,-24.57,76.97,6.25,87.8971271560144,27.70300872309712
1008,2024-11-19,2024-11-12,0.48,18.31,-20.17,78.49,4.49,87.94650761740047,27.4760167182262
3004,2024-11-19,2024-11-12,1.0,25.31,6.99,75.78,4.21,87.90869872633574,26.9313601153792
3005,2024-11-19,2024-11-12,0.37,27.43,13.27,68.12,4.99,87.86804078949658,26.766798991811797
3008,2024-11-19,2024-11-12,0.01,23.93,13.27,67.64,4.38,88.07073522457357,26.80309155406488
3010,2024-11-19,2024-11-12,0.57,23.93,6.99,75.15,4.23,88.06861487878045,26.890689792229505
5016,2024-11-19,2024-11-12,0.0,27.68,16.31,71.66,4.51,87.55469563773501,26.481414393367597
6003,2024-11-19,2024-11-12,0.0,27.15,15.68,76.71,4.35,87.09771116866489,26.59183604433034
6007,2024-11-19,2024-11-12,0.0,27.22,16.15,77.39,4.77,87.19672555619026,26.560678557062
8001,2024-11-19,2024-11-12,0.88,18.31,7.87,78.02,3.06,87.66115158270199,27.214301572974936
8003,2024-11-19,2024-11-12,1.19,20.18,7.87,81.18,3.8,87.44812726483543,27.127990823175782
8006,2024-11-19,2024-11-12,1.08,17.28,7.87,80.54,3.51,87.58461013054594,27.180400656497696
10009,2024-11-19,2024-11-12,2.7,18.68,5.43,84.83,2.96,86.96602803573023,27.210508417866347
9002,2024-11-19,2024-11-12,0.21,21.53,5.58,75.84,2.96,87.36132449479186,27.30526087303312
9005,2024-11-19,2024-11-12,0.0,21.53,12.77,69.88,2.71,87.19300808673226,27.399039264555437
9007,2024-11-19,2024-11-12,1.28,11.68,-20.04,70.08,3.81,87.22505005780839,27.68477497975171
9009,2024-11-19,2024-11-12,0.01,20.97,1.76,71.94,3.0,87.36166113467456,27.44750334933956
55003,2024-11-19,2024-11-12,0.0,21.09,6.37,73.25,3.48,82.2912715867,28.355548724394996
55004,2024-11-19,2024-11-12,0.0,19.22,5.56,72.88,4.67,82.31179934479863,28.553136288933683
55007,2024-11-19,2024-11-12,0.0,21.09,6.37,73.74,3.47,82.35998258245561,28.25355153233521
55010,2024-11-19,2024-11-12,0.0,21.09,6.37,72.99,3.48,82.231187877201,28.281815065002448
65001,2024-11-19,2024-11-12,0.0,12.22,-7.26,42.36,4.12,82.16814992493904,29.532967936012252
65004,2024-11-19,2024-11-12,0.0,15.34,-3.32,45.06,3.94,81.98372859991967,29.62832292402619
60002,2024-11-19,2024-11-12,0.0,18.62,4.27,67.72,3.58,81.83052510999794,28.792776330356787
60005,2024-11-19,2024-11-12,0.0,20.72,5.79,64.33,4.69,81.60660047963165,28.831816828175175
60006,2024-11-19,2024-11-12,0.0,20.72,4.27,66.69,4.53,81.71925548605671,28.74857272293844
60009,2024-11-19,2024-11-12,0.0,20.72,3.23,66.33,4.78,81.73907018471336,28.861936730765475
57002,2024-11-19,2024-11-12,0.0,23.28,10.74,74.77,4.5,81.7046708193939,28.03063144888017
57005,2024-11-19,2024-11-12,0.0,23.28,9.3,75.15,3.55,81.71918782901814,28.215861098578127
70002,2024-11-19,2024-11-12,0.0,20.31,7.83,64.06,3.89,80.880703235942,29.021621865023427
70005,2024-11-19,2024-11-12,0.0,20.59,7.83,62.0,3.07,80.69908000601693,29.107876876777475
70008,2024-11-19,2024-11-12,0.0,19.37,7.02,60.34,4.15,80.97287803760098,29.373859260489585
70009,2024-11-19,2024-11-12,0.0,19.37,7.83,60.67,3.59,80.81920790381,29.23525727841573
77001,2024-11-19,2024-11-12,0.01,16.5,-0.07,69.0,3.81,82.70006219371687,28.546293389302686
77003,2024-11-19,2024-11-12,0.08,17.87,-3.82,60.73,4.38,82.63797688876845,28.730359372964458
54006,2024-11-19,2024-11-12,0.0,17.87,5.56,72.22,4.99,82.42017205323258,28.56459073766825
6010,2024-11-19,2024-11-12,0.02,27.22,13.55,74.09,5.25,87.26501559539872,26.67276280994044
9004,2024-11-19,2024-11-12,0.97,21.53,7.92,79.22,2.99,87.34617049477372,27.20794386380421
9010,2024-11-19,2024-11-12,3.02,20.97,-14.92,73.61,3.33,87.05397323793964,27.56062049796888
11002,2024-11-19,2024-11-12,2.3,15.53,-0.29,73.92,4.36,86.69294720202952,27.533318170170038
11003,2024-11-19,2024-11-12,1.94,8.43,-20.04,50.05,6.56,86.72676833996186,27.87754638828359
11004,2024-11-19,2024-11-12,0.5,12.4,0.81,73.46,3.49,86.43720044102864,27.556933846968658
11007,2024-11-19,2024-11-12,4.36,14.18,-13.38,66.83,4.11,86.57187606162067,27.574675587251168
14001,2024-11-19,2024-11-12,0.03,26.62,11.21,78.62,4.94,87.05011302971826,26.82457678669252
14003,2024-11-19,2024-11-12,0.11,27.37,12.05,73.56,5.51,86.3842192552636,26.99895844915385
14004,2024-11-19,2024-11-12,1.04,26.0,11.52,74.28,3.41,86.6712157651011,26.98209297065825
25001,2024-11-19,2024-11-12,0.47,22.22,9.42,75.89,3.17,85.3041092548405,27.484321910898924
25002,2024-11-19,2024-11-12,0.67,16.25,9.42,79.79,2.28,85.33558154743378,27.58455687528972
25003,2024-11-19,2024-11-12,0.43,20.81,9.96,76.73,3.15,85.35024138831888,27.53047639287835
26002,2024-11-19,2024-11-12,0.28,18.65,7.27,75.82,3.41,85.46272408847713,27.696266152604423
26004,2024-11-19,2024-11-12,0.46,16.25,9.96,80.06,2.06,85.42546460420431,27.64927297157717
1003,2024-11-19,2024-11-12,0.6,14.25,-1.66,74.03,3.08,87.54502304960337,27.46546246470642
2007,2024-11-19,2024-11-12,0.66,20.18,10.65,79.8,4.26,87.57900113878084,26.98185352154763
3003,2024-11-19,2024-11-12,0.96,20.18,10.15,78.96,3.32,87.74928052779396,26.965667384057635
3007,2024-11-19,2024-11-12,0.51,25.31,10.15,72.85,3.86,87.72809878982399,26.8319576897196
4004,2024-11-19,2024-11-12,0.0,27.43,19.02,61.17,4.82,87.99403362921818,26.608794926564457
4012,2024-11-19,2024-11-12,0.0,27.5,16.31,69.65,4.11,87.73517217920993,26.6152473988361
5001,2024-11-19,2024-11-12,0.01,27.22,13.55,72.69,4.35,87.43951560345249,26.629695726158744
5008,2024-11-19,2024-11-12,0.0,27.4,16.15,73.53,4.57,87.34336700649065,26.487170971382216
10003,2024-11-19,2024-11-12,2.48,22.09,8.4,82.81,3.54,87.0581152597479,27.201989469109638
14007,2024-11-19,2024-11-12,0.07,27.34,11.52,74.34,4.1,86.69093982065064,26.80698207976648
31002,2024-11-19,2024-11-12,0.0,25.87,12.77,74.32,4.11,85.25281913306307,27.33247245681607
31005,2024-11-19,2024-11-12,1.55,15.97,9.42,79.52,2.51,85.19595016524877,27.593620979459917
31008,2024-11-19,2024-11-12,0.0,25.03,11.62,72.31,4.18,84.85137594066515,27.472569269092308
31010,2024-11-19,2024-11-12,0.67,21.53,9.42,74.86,3.73,85.08608381778276,27.651565937014706
34001,2024-11-19,2024-11-12,0.0,26.31,12.65,78.03,5.4,84.82733908761777,27.08292559233036
35003,2024-11-19,2024-11-12,0.0,24.78,10.84,69.2,3.66,84.58621929453848,27.709771198715103
35006,2024-11-19,2024-11-12,0.0,24.22,12.99,66.72,3.15,84.6896591396915,27.649405873067355
50001,2024-11-19,2024-11-12,0.0,24.59,14.74,69.52,2.97,83.15771438349256,27.685056406347464
50004,2024-11-19,2024-11-12,0.0,24.81,11.46,72.5,3.62,83.07233371628266,27.56399291605035
38001,2024-11-19,2024-11-12,0.0,22.9,10.43,67.5,3.81,84.4857376256941,27.875563073820167
38002,2024-11-19,2024-11-12,0.0,22.9,10.56,71.76,3.95,84.39401593188684,27.91893212189418
38008,2024-11-19,2024-11-12,0.0,21.56,10.08,75.44,1.92,84.16593271369815,28.00044752580472
42002,2024-11-19,2024-11-12,0.0,5.31,-18.66,26.01,9.53,83.94338453487164,29.035081683387272
42005,2024-11-19,2024-11-12,1.44,5.59,-14.19,50.1,5.83,83.61471771747095,28.68101217212114
45001,2024-11-19,2024-11-12,0.0,17.97,2.02,74.88,4.06,83.2413162820148,28.27148079354138
45004,2024-11-19,2024-11-12,0.02,17.97,-0.07,75.0,4.39,83.14016526682762,28.394343694183306
45005,2024-11-19,2024-11-12,0.01,18.22,2.02,74.5,4.17,83.38978367405875,28.233043850851043
56001,2024-11-19,2024-11-12,0.0,23.47,9.33,73.77,4.04,82.08505271891153,28.17321009613343
56005,2024-11-19,2024-11-12,0.0,24.15,8.18,72.26,3.88,82.47694209118472,28.02333920311105
56006,2024-11-19,2024-11-12,0.0,24.15,9.27,73.31,4.2,82.41677142161319,27.91328555950532
56009,2024-11-19,2024-11-12,0.0,21.09,9.33,74.33,3.64,82.19148619005347,28.183005600357117
62002,2024-11-19,2024-11-12,0.0,5.65,-16.26,35.19,6.69,83.26514214622762,29.27414286931592
62004,2024-11-19,2024-11-12,0.03,5.65,-11.32,34.8,4.96,83.04709435324033,28.90512776249892
58003,2024-11-19,2024-11-12,0.0,23.25,11.4,76.0,4.69,81.38242357868424,28.323055743569213
58006,2024-11-19,2024-11-12,0.0,23.25,11.4,76.0,4.69,81.25871003017758,28.340284116623938
31099,2024-11-19,2024-11-12,0.0,25.03,11.62,72.11,3.98,84.70624431657369,27.49261535228162
1001,2024-11-19,2024-11-12,0.68,17.28,6.15,77.28,3.16,87.6193781190491,27.30957361098937
19012,2024-11-19,2024-11-12,0.0,26.87,14.37,76.1,5.78,85.68691274034707,26.91470429831354
21002,2024-11-19,2024-11-12,0.17,18.59,-3.79,61.56,3.42,86.26427286814113,27.576394248581256
21004,2024-11-19,2024-11-12,0.02,20.28,4.96,76.19,3.67,86.1832745618281,27.43934745353523
34005,2024-11-19,2024-11-12,0.0,26.31,12.65,76.03,4.84,84.69399260554282,27.097078097723816
34007,2024-11-19,2024-11-12,0.0,25.97,12.65,77.53,4.36,84.73228851196892,27.20024739082908
34008,2024-11-19,2024-11-12,0.0,26.31,12.65,75.72,5.35,84.7264569554503,27.066026993073372
34010,2024-11-19,2024-11-12,0.0,26.53,12.65,74.64,5.24,84.88952623026042,27.171019162000707
34011,2024-11-19,2024-11-12,0.0,25.97,12.65,78.12,5.41,84.79020734847019,27.193245885183288
34012,2024-11-19,2024-11-12,0.0,26.31,12.65,78.03,5.4,84.76368630005305,27.07717182381579
34013,2024-11-19,2024-11-12,0.0,26.31,12.65,78.03,5.4,84.82558724572884,27.16672308960836
19004,2024-11-19,2024-11-12,0.0,26.47,14.93,72.26,4.58,85.43936435618616,26.92605438883508
21005,2024-11-19,2024-11-12,0.02,20.28,5.18,80.23,3.47,86.0643721548778,27.408813125557515
21006,2024-11-19,2024-11-12,0.06,22.68,8.65,77.88,3.87,86.14647421310649,27.31615902807735
21007,2024-11-19,2024-11-12,0.02,20.28,5.18,80.9,3.46,85.85586645812872,27.495758252532852
21008,2024-11-19,2024-11-12,1.81,18.59,-13.38,62.36,3.71,86.42243351715781,27.660969160959016
53001,2024-11-19,2024-11-12,0.0,17.87,2.81,70.22,3.8,82.54995198769927,28.480861838270563
53002,2024-11-19,2024-11-12,0.03,18.65,-0.07,72.28,3.69,82.81681721225854,28.273400505530105
53007,2024-11-19,2024-11-12,0.11,18.65,-0.07,71.92,3.69,82.82395132486793,28.375955461674906
6006,2024-11-19,2024-11-12,0.0,27.22,16.15,77.39,4.77,87.24649830798487,26.554564531771717
26001,2024-11-19,2024-11-12,0.46,16.25,9.96,80.06,2.06,85.4296209430214,27.675022523227053
49010,2024-11-19,2024-11-12,0.0,24.93,13.93,67.34,3.94,83.54802147221676,27.496216699202048
49011,2024-11-19,2024-11-12,0.0,24.93,10.15,71.66,3.15,83.30567820346135,27.71191878509594
49013,2024-11-19,2024-11-12,0.0,24.93,13.93,70.24,4.03,83.44238189812464,27.501346601007853
49014,2024-11-19,2024-11-12,0.0,24.93,15.87,68.21,2.4,83.39601732390047,27.566938725804373
49015,2024-11-19,2024-11-12,0.0,24.93,15.87,68.21,2.4,83.36876360438013,27.62238025074319
49016,2024-11-19,2024-11-12,0.0,24.93,15.87,62.67,2.78,83.48636554193398,27.608376871176866
53004,2024-11-19,2024-11-12,0.0,18.9,2.4,70.8,3.57,82.62618964074919,28.337236609214784
53005,2024-11-19,2024-11-12,0.0,20.93,8.18,71.67,3.88,82.5199263170998,28.18710064708752
53008,2024-11-19,2024-11-12,0.01,18.9,2.4,70.8,3.57,82.70702423336832,28.24741874061428
53009,2024-11-19,2024-11-12,0.07,16.5,2.4,68.31,3.79,82.74179874109348,28.46372671136668
6004,2024-11-19,2024-11-12,0.0,27.22,16.15,77.39,4.77,87.15065211842328,26.45252750216687
16009,2024-11-19,2024-11-12,0.0,27.09,15.71,70.23,5.5,86.17953809307132,26.86824787471248
19001,2024-11-19,2024-11-12,0.0,26.47,13.84,76.06,4.38,85.47724166862234,27.07773543317099
19003,2024-11-19,2024-11-12,0.0,26.47,14.37,76.02,5.23,85.45380923642666,26.981788770396143
19005,2024-11-19,2024-11-12,0.0,26.65,14.93,74.41,5.69,85.47268040486802,26.815437208507163
19006,2024-11-19,2024-11-12,0.0,26.65,14.37,78.17,6.34,85.60991236423035,26.890275211567417
19008,2024-11-19,2024-11-12,0.0,26.65,14.37,78.17,6.34,85.60054102472732,26.93755034223732
19010,2024-11-19,2024-11-12,0.0,26.47,14.93,72.26,4.58,85.44567206906083,26.844422530450373
19013,2024-11-19,2024-11-12,0.0,26.37,13.93,78.08,5.15,85.57424006678373,27.10063951566307
19014,2024-11-19,2024-11-12,0.0,26.37,12.87,76.35,5.61,85.69394521791432,27.00935067108752
19015,2024-11-19,2024-11-12,0.0,26.65,14.37,76.03,5.54,85.53686604042909,26.9411164754544
19016,2024-11-19,2024-11-12,0.0,26.65,14.93,74.41,5.69,85.50728566452042,26.858783195845582
19017,2024-11-19,2024-11-12,0.0,26.37,12.87,76.23,5.15,85.68904437404687,27.10291121291133
20002,2024-11-19,2024-11-12,0.0,24.0,8.65,77.26,3.55,85.78628284185064,27.343395929304386
1002,2024-11-19,2024-11-12,0.27,17.28,5.58,76.9,3.07,87.51328464647683,27.373653174120808
6009,2024-11-19,2024-11-12,0.0,27.15,16.4,76.02,4.95,87.16242112661124,26.607116134714808
20003,2024-11-19,2024-11-12,0.06,22.68,8.65,79.57,4.11,86.0675994944368,27.252217169295548
50007,2024-11-19,2024-11-12,0.0,24.81,11.46,71.55,4.08,83.13084592668233,27.509085627097623
50008,2024-11-19,2024-11-12,0.0,24.43,10.87,74.09,4.53,82.85250442185169,27.693684034126697
6011,2024-11-19,2024-11-12,0.0,27.78,15.68,76.55,4.49,87.00720038012625,26.567145454816423
6012,2024-11-19,2024-11-12,0.0,27.15,16.12,75.49,6.15,87.18063674146201,26.6876384590527
20006,2024-11-19,2024-11-12,0.01,25.93,8.77,76.2,3.62,85.69732655115341,27.25540262050499
20007,2024-11-19,2024-11-12,0.12,20.5,11.63,78.03,3.33,86.28613922961935,27.18698085181835
20008,2024-11-19,2024-11-12,0.01,20.28,8.65,79.84,3.72,85.88150160337878,27.37967729411301
23003,2024-11-19,2024-11-12,0.11,17.81,-5.17,62.27,3.41,85.9362239602355,27.918081999950203
30001,2024-11-19,2024-11-12,0.0,22.15,11.82,67.21,2.84,84.76648317270907,27.756395702785376
30002,2024-11-19,2024-11-12,0.3,20.59,9.42,76.55,3.57,85.17982146949893,27.72971150483253
30003,2024-11-19,2024-11-12,0.01,22.15,11.52,70.69,3.41,84.90321716855641,27.749572773617768
30005,2024-11-19,2024-11-12,0.16,21.15,1.43,66.1,2.89,84.92984303851176,28.086444545593466
30006,2024-11-19,2024-11-12,0.0,21.15,11.08,66.15,2.77,84.7919379931955,27.923404316525048
30008,2024-11-19,2024-11-12,0.0,17.22,8.3,69.01,3.1,84.97160484321188,27.986687641086395
30009,2024-11-19,2024-11-12,0.0,21.53,8.3,69.26,3.51,84.91954887338466,27.918864583118705
30011,2024-11-19,2024-11-12,0.0,21.53,11.52,72.83,4.22,84.84534939027871,27.84255600503058
24011,2024-11-19,2024-11-12,1.17,18.5,7.27,76.35,3.45,85.63862481052399,27.636981490518835
31007,2024-11-19,2024-11-12,0.07,23.5,9.42,74.22,3.71,85.13691110095586,27.44525852713776
32004,2024-11-19,2024-11-12,0.0,26.34,14.65,73.91,4.17,85.25920735512454,26.932050089820336
50010,2024-11-19,2024-11-12,0.0,24.81,11.46,74.09,4.33,83.02631087694812,27.482623043144454
56002,2024-11-19,2024-11-12,0.0,23.93,9.99,69.64,5.63,82.6604624762252,27.989762397689688
54001,2024-11-19,2024-11-12,0.0,17.12,-3.6,47.51,3.64,82.5138230611013,28.84256376131041
54002,2024-11-19,2024-11-12,0.0,17.87,0.79,60.18,3.84,82.50283588126366,28.704116993185227
54004,2024-11-19,2024-11-12,0.0,17.87,2.81,70.71,4.76,82.47861116229373,28.611266483828985
54005,2024-11-19,2024-11-12,0.0,19.22,5.12,63.99,4.0,82.34238663144102,28.67667226017642
6099,2024-11-19,2024-11-12,0.0,27.03,15.68,74.32,4.04,87.02319983992014,26.652566796651616
45099,2024-11-19,2024-11-12,0.05,13.06,-3.71,65.06,4.37,83.02327610551475,28.53891935770765
58099,2024-11-19,2024-11-12,0.0,23.56,9.3,73.35,3.78,81.45438931069442,28.456909737464397
76099,2024-11-19,2024-11-12,0.0,25.09,12.49,72.27,3.75,84.04872083356571,27.56427369972897
17001,2024-11-19,2024-11-12,0.0,27.25,14.77,77.87,5.97,86.01575601372463,26.711855702909528
17003,2024-11-19,2024-11-12,0.0,27.4,14.77,77.84,6.02,86.06042658437299,26.679004986632663
17004,2024-11-19,2024-11-12,0.0,27.25,15.12,74.46,6.75,85.97343075681044,26.846585405773872
23004,2024-11-19,2024-11-12,0.05,18.5,7.12,72.77,3.45,85.71978082667378,27.75795439389096
23005,2024-11-19,2024-11-12,2.04,18.65,-14.48,60.4,4.12,85.5281684698862,28.000494332290444
23006,2024-11-19,2024-11-12,0.02,18.5,7.27,71.47,4.0,85.63899182078808,27.78396048275381
23007,2024-11-19,2024-11-12,0.05,18.5,-14.48,59.12,4.5,85.79108606095211,28.01548831388694
30010,2024-11-19,2024-11-12,1.53,9.68,-17.35,71.44,4.05,85.09120148591843,28.222137287516095
30012,2024-11-19,2024-11-12,0.02,21.53,9.42,74.86,3.73,85.06455382385526,27.73830659921856
30013,2024-11-19,2024-11-12,0.0,21.15,8.3,65.69,2.8,84.85804022717906,28.021805707723303
36002,2024-11-19,2024-11-12,9.2,14.47,-10.23,72.21,3.4,84.68152727853672,28.237071772003976
62005,2024-11-19,2024-11-12,0.0,11.25,-3.6,43.21,3.89,82.51085966045837,29.05050799235193
62007,2024-11-19,2024-11-12,0.2,11.25,-9.67,40.13,4.46,82.86690491491375,28.932036385500552
62008,2024-11-19,2024-11-12,0.0,11.25,-8.1,38.25,4.49,82.74979749172851,29.022394764811374
31088,2024-11-19,2024-11-12,0.0,25.03,11.62,72.2,3.88,84.77130400129026,27.495224301038267
1009,2024-11-19,2024-11-12,0.08,18.31,6.15,76.25,2.78,87.75250982048634,27.31531966378356
10002,2024-11-19,2024-11-12,0.02,21.53,15.71,73.84,2.83,87.19654383388995,27.189819774277403
10004,2024-11-19,2024-11-12,0.29,22.09,11.21,84.16,4.04,87.1291085972171,27.0041653621846
10006,2024-11-19,2024-11-12,1.87,22.09,8.4,85.8,3.78,87.0213608203432,27.085255647157496
42003,2024-11-19,2024-11-12,0.69,6.22,-14.19,43.64,6.52,83.72619509400863,28.76166042913393
63007,2024-11-19,2024-11-12,0.01,10.62,-4.32,52.76,5.32,82.1202561934781,29.1360245100694
75005,2024-11-19,2024-11-12,0.0,18.06,3.52,46.06,3.64,80.54124518479604,29.804357366456184
28004,2024-11-19,2024-11-12,0.01,20.59,9.99,73.57,4.63,85.2311964383087,27.818478196469563
28005,2024-11-19,2024-11-12,0.0,17.22,8.3,67.61,3.55,85.12538493931653,28.03165878737777
49005,2024-11-19,2024-11-12,0.0,24.56,13.93,70.48,5.57,83.35037287050116,27.447120493916795
47003,2024-11-19,2024-11-12,0.0,21.97,10.58,70.07,4.25,83.89916194827347,27.77465900613652
47010,2024-11-19,2024-11-12,0.0,20.9,10.15,75.32,3.73,83.47299042731677,27.76891274794596
44007,2024-11-19,2024-11-12,0.06,20.62,6.37,70.99,3.77,83.68616672754229,28.15615509268206
48005,2024-11-19,2024-11-12,0.0,25.09,12.56,65.85,3.68,83.7312303002814,27.506075472346858
18001,2024-11-19,2024-11-12,0.0,26.87,14.62,74.02,5.22,85.80074655729628,26.865965578887177
18002,2024-11-19,2024-11-12,0.0,26.87,14.62,72.71,4.47,85.81948043482576,26.76853670434025
18006,2024-11-19,2024-11-12,0.0,26.87,14.62,74.02,5.22,85.78159413854392,26.949541288887797
18008,2024-11-19,2024-11-12,0.0,27.25,14.62,75.0,5.01,85.86511962170182,26.769593057248123
14099,2024-11-19,2024-11-12,0.01,27.03,15.68,74.32,4.04,86.99862376349014,26.715023247720257
43099,2024-11-19,2024-11-12,0.54,12.4,-11.2,53.35,4.5,83.15728039927778,28.613393062413568
52003,2024-11-19,2024-11-12,0.0,20.59,4.77,71.63,4.32,82.98233924261629,28.144398389642152
52006,2024-11-19,2024-11-12,0.02,18.65,-0.07,72.05,3.94,82.91622181039605,28.252556288426057
33099,2024-11-19,2024-11-12,0.0,26.53,12.4,70.21,4.85,84.96947546896953,27.275042717018724
67099,2024-11-19,2024-11-12,0.0,14.5,3.24,65.42,4.5,81.19654062198491,29.391978002020814
19018,2024-11-19,2024-11-12,0.0,26.65,14.96,76.04,6.15,85.54787712356422,26.85881249478566
19020,2024-11-19,2024-11-12,0.0,26.22,14.93,72.78,5.23,85.3816023194528,26.83818423032358
20004,2024-11-19,2024-11-12,0.01,25.93,11.9,75.38,3.43,85.54107642126684,27.251680682357268
21003,2024-11-19,2024-11-12,0.01,20.28,5.18,82.49,3.74,85.94304908421857,27.43821657830833
22001,2024-11-19,2024-11-12,0.1,15.56,4.96,81.74,4.06,86.12822881538156,27.63436304989436
23001,2024-11-19,2024-11-12,0.0,17.81,7.12,62.05,3.48,85.80360085768024,27.78123351037644
23002,2024-11-19,2024-11-12,0.0,17.81,-0.7,61.21,2.89,85.90010534211547,27.821772074840585
27001,2024-11-19,2024-11-12,0.0,18.65,9.42,70.32,3.9,85.36229102983364,27.77230850782952
27009,2024-11-19,2024-11-12,0.01,18.65,7.27,70.89,3.95,85.49904405260625,27.753557676277204
27010,2024-11-19,2024-11-12,0.0,20.59,9.42,71.94,4.26,85.29705386096234,27.77773907168037
27011,2024-11-19,2024-11-12,0.0,18.65,9.42,70.32,3.9,85.33021770561382,27.77539039876946
25005,2024-11-19,2024-11-12,0.46,16.25,9.96,80.06,2.06,85.3802231313086,27.63509436139513
26003,2024-11-19,2024-11-12,0.45,18.65,9.42,75.19,2.98,85.3815434902996,27.68250883735966
31001,2024-11-19,2024-11-12,0.0,25.93,12.77,74.63,4.04,85.39789680314975,27.3048133205242
32006,2024-11-19,2024-11-12,0.0,26.47,14.93,72.26,4.58,85.36778358901175,26.94230989653578
32016,2024-11-19,2024-11-12,0.0,26.34,14.93,71.59,5.2,85.31520975404439,26.77783345746238
34009,2024-11-19,2024-11-12,0.0,26.31,13.31,74.52,5.32,84.73550270922959,27.028197632216838
35002,2024-11-19,2024-11-12,0.0,22.9,10.84,68.48,4.23,84.5912463480042,27.802660069250106
49012,2024-11-19,2024-11-12,0.0,24.56,13.93,70.48,5.57,83.30437164496814,27.389672535757065
51001,2024-11-19,2024-11-12,0.0,20.59,8.96,73.95,4.04,83.03664825769202,27.986625982890875
51003,2024-11-19,2024-11-12,0.0,20.59,4.77,73.74,3.91,83.09118825850723,28.065093182627788
46001,2024-11-19,2024-11-12,0.0,20.62,6.37,69.96,3.66,83.40574182492988,28.10821613596536
46002,2024-11-19,2024-11-12,0.0,20.03,8.96,72.08,3.33,83.3471949989154,27.9841061540815
45008,2024-11-19,2024-11-12,0.06,17.97,-0.07,72.85,3.93,83.02058851919352,28.38268584029232
64001,2024-11-19,2024-11-12,0.0,17.81,3.15,57.0,4.56,81.62839852260026,29.079830738952893
64007,2024-11-19,2024-11-12,0.0,13.75,3.15,51.62,4.69,81.64421766906588,29.272780811454545
59008,2024-11-19,2024-11-12,0.0,23.56,8.87,71.0,4.26,81.38277527127075,28.78969780253411
57008,2024-11-19,2024-11-12,0.0,23.47,9.27,74.36,4.24,81.9230940117998,28.0731178917346
69002,2024-11-19,2024-11-12,0.0,21.0,3.24,61.91,4.42,81.12736560667788,29.181878117533213
68009,2024-11-19,2024-11-12,0.0,14.68,-1.13,56.31,4.45,81.28984357857074,29.54525715570239
73004,2024-11-19,2024-11-12,0.0,21.59,6.52,61.42,3.52,80.40492622481763,29.281211677786875
72007,2024-11-19,2024-11-12,0.0,23.22,9.56,73.9,4.36,80.08461998585442,28.89610311211077
9003,2024-11-19,2024-11-12,0.32,20.97,5.43,69.47,2.87,87.23194345958684,27.48004549087412
65002,2024-11-19,2024-11-12,0.0,15.34,1.15,52.71,4.28,81.89315065267175,29.51424277599544
65003,2024-11-19,2024-11-12,0.0,8.28,-17.42,42.81,5.02,82.54741960970438,29.649514435357453
66003,2024-11-19,2024-11-12,0.0,10.03,-18.23,46.01,6.19,82.04150798785201,30.02328989192808
66006,2024-11-19,2024-11-12,0.01,5.0,-16.51,48.01,6.41,81.92202729403547,30.129895543656083
64009,2024-11-19,2024-11-12,0.0,12.81,-3.77,58.22,4.89,81.8557225347566,29.145935866427948
70004,2024-11-19,2024-11-12,0.0,19.37,7.02,60.39,3.72,80.96828420034284,29.26364997043085
70007,2024-11-19,2024-11-12,0.0,21.0,3.24,60.06,4.38,81.06441214528923,29.274853087207937
77002,2024-11-19,2024-11-12,0.1,16.5,-7.1,52.69,4.64,82.82145955974356,28.645546849179627
19019,2024-11-19,2024-11-12,0.0,26.65,14.37,78.17,6.34,85.6538674070706,26.873717384025728
75006,2024-11-19,2024-11-12,0.0,19.56,3.52,52.75,3.48,80.43507800307877,29.733377527114545
73002,2024-11-19,2024-11-12,0.0,23.28,9.07,60.29,3.34,80.51081092041095,29.13521646806497
73005,2024-11-19,2024-11-12,0.0,19.37,7.83,59.66,2.57,80.67740466897514,29.24592271293464
76002,2024-11-19,2024-11-12,0.0,22.9,10.84,71.94,4.12,84.19503898794143,27.80859769109909
76006,2024-11-19,2024-11-12,0.0,24.59,10.58,72.28,3.4,84.05424418568737,27.71716707520714
77099,2024-11-19,2024-11-12,0.24,4.87,-11.2,44.27,4.71,82.96611855936787,28.7361011295057
1004,2024-11-19,2024-11-12,6.54,14.25,-7.69,78.29,4.04,87.62781444693248,27.58355393346229
1006,2024-11-19,2024-11-12,0.25,15.06,6.15,74.47,2.51,87.71205316042372,27.380969379366448
8002,2024-11-19,2024-11-12,0.71,20.18,7.92,81.4,3.9,87.47911681846793,27.040390989689293
8005,2024-11-19,2024-11-12,1.04,20.18,7.87,81.3,3.67,87.52609022651086,27.13878881467572
9008,2024-11-19,2024-11-12,0.0,21.53,5.58,71.97,2.77,87.30718729278416,27.355013380938807
22008,2024-11-19,2024-11-12,0.42,17.84,5.18,81.97,3.2,85.9794672157911,27.6181093162653
11001,2024-11-19,2024-11-12,1.31,15.53,4.87,83.76,4.94,86.69881629251252,27.42991016748501
22007,2024-11-19,2024-11-12,0.42,20.28,5.18,83.95,3.62,86.04342408931875,27.54425327682352
5011,2024-11-19,2024-11-12,0.0,27.5,14.87,67.12,3.24,87.61238148708986,26.780954253808236
6001,2024-11-19,2024-11-12,0.0,27.15,15.68,74.9,5.1,87.13360335819006,26.75477410080033
7002,2024-11-19,2024-11-12,0.73,20.0,7.92,82.71,3.67,87.38795103216115,27.026759403258097
11006,2024-11-19,2024-11-12,2.41,14.18,5.4,89.59,5.07,86.60182755078759,27.38498446708692
25004,2024-11-19,2024-11-12,0.65,16.25,9.42,79.79,2.28,85.31574605133741,27.650588829176176
25006,2024-11-19,2024-11-12,0.18,20.81,9.96,76.73,3.15,85.39883901853106,27.487753735685672
2002,2024-11-19,2024-11-12,0.92,20.18,7.87,78.49,3.19,87.73922150127447,27.04964838682459
5004,2024-11-19,2024-11-12,0.0,27.4,16.83,70.92,4.56,87.40267442076919,26.45679278965447
31003,2024-11-19,2024-11-12,0.56,23.5,9.42,73.32,3.38,85.10444058035881,27.527818596885865
31006,2024-11-19,2024-11-12,0.06,22.15,11.82,68.54,2.6,84.94931280640316,27.609529118362275
31009,2024-11-19,2024-11-12,0.01,25.03,11.62,71.89,3.73,84.83791043603183,27.59867265790922
35001,2024-11-19,2024-11-12,0.0,24.78,10.84,70.05,3.32,84.38414660381048,27.65290562642195
35005,2024-11-19,2024-11-12,0.0,25.25,13.18,70.87,3.74,84.37118700313687,27.420633709371717
11008,2024-11-19,2024-11-12,0.04,15.53,-0.29,68.31,4.26,86.78686523928515,27.496994290942222
35007,2024-11-19,2024-11-12,0.0,24.78,15.31,69.93,3.1,84.51393800740699,27.619150205174293
50003,2024-11-19,2024-11-12,0.0,24.59,14.74,70.28,2.8,82.99772411892708,27.68572483636648
50005,2024-11-19,2024-11-12,0.0,24.97,10.87,78.58,5.84,82.81551842472342,27.529732680424164
3002,2024-11-19,2024-11-12,0.85,25.31,6.99,76.79,4.08,87.82997454645914,26.92125756359921
19007,2024-11-19,2024-11-12,0.0,26.65,14.37,75.21,5.46,85.50982624436668,26.89999248082516
38005,2024-11-19,2024-11-12,0.0,22.9,9.49,68.26,3.03,84.28534337734266,28.01323574284374
38009,2024-11-19,2024-11-12,0.0,22.9,10.08,72.15,3.02,84.2199041335246,27.898181906806183
19009,2024-11-19,2024-11-12,0.0,26.47,14.93,72.26,4.58,85.4092503815404,26.88307466470385
34004,2024-11-19,2024-11-12,0.0,26.31,13.31,75.33,4.65,84.67142158213073,27.05866374245669
50002,2024-11-19,2024-11-12,0.0,24.37,10.87,75.75,5.13,82.76537288309953,27.65569492135717
50006,2024-11-19,2024-11-12,0.0,24.97,10.87,76.34,5.09,82.93588280696484,27.544009269692207
50009,2024-11-19,2024-11-12,0.0,24.59,15.02,69.02,3.83,83.19324114522033,27.515393765013677
13001,2024-11-19,2024-11-12,0.32,15.53,4.87,83.76,4.94,86.76130239852256,27.37198513504533
15002,2024-11-19,2024-11-12,0.0,27.65,14.96,74.13,5.51,86.51967002761045,26.57158377325705
34003,2024-11-19,2024-11-12,0.0,26.53,12.65,75.09,5.12,84.89386587333023,27.08273353066091
42001,2024-11-19,2024-11-12,0.29,6.22,-18.66,27.31,8.17,83.74894135826631,28.889745872998724
42004,2024-11-19,2024-11-12,0.0,5.31,-16.88,23.38,10.77,83.9860183933929,29.20832719654449
45002,2024-11-19,2024-11-12,0.0,18.22,5.15,67.72,4.09,83.59602778346893,28.24634940887358
45006,2024-11-19,2024-11-12,0.0,20.62,6.37,70.4,4.06,83.58124121301033,28.157637896686108
56003,2024-11-19,2024-11-12,0.0,23.47,9.27,74.93,4.03,82.17527956786476,28.08483490658605
56007,2024-11-19,2024-11-12,0.0,24.62,9.27,74.09,5.82,82.3108886184881,27.83876262570147
70099,2024-11-19,2024-11-12,0.0,16.72,3.24,62.49,4.3,81.10080508396517,29.365848528781548
56010,2024-11-19,2024-11-12,0.0,23.28,9.27,74.71,3.84,82.30640942936148,28.11161162956308
58002,2024-11-19,2024-11-12,0.0,23.43,9.3,74.78,3.86,81.56351933171103,28.27793075709875
58005,2024-11-19,2024-11-12,0.0,23.25,11.4,75.59,5.04,81.34569482093976,28.210924967228557
58007,2024-11-19,2024-11-12,0.0,22.72,11.8,78.77,5.07,81.13757904302501,28.421327320826304
71003,2024-11-19,2024-11-12,0.0,22.4,8.99,67.92,3.39,80.70236375797926,28.93165407698765
70003,2024-11-19,2024-11-12,0.0,21.0,7.27,61.52,3.92,81.03830476961788,29.0547910098257
70006,2024-11-19,2024-11-12,0.0,19.22,7.83,61.8,4.04,80.96355022570285,29.17103075300608
69001,2024-11-19,2024-11-12,0.0,21.0,6.77,51.15,2.82,81.29846641727907,29.189235368332632
69005,2024-11-19,2024-11-12,0.0,21.0,6.77,57.19,3.19,81.22509088158677,29.10169272570161
69009,2024-11-19,2024-11-12,0.0,21.0,3.24,58.83,3.88,81.2058778931973,29.268503789241198
13008,2024-11-19,2024-11-12,0.11,21.47,4.87,80.47,3.92,86.71022980874618,27.27882251699089
12002,2024-11-19,2024-11-12,1.44,21.47,5.4,82.51,3.78,86.6145014451853,27.307383515631575
12003,2024-11-19,2024-11-12,1.56,18.59,0.81,74.56,3.26,86.36239123279094,27.453587147509914
12004,2024-11-19,2024-11-12,0.28,18.59,5.68,80.64,3.14,86.26662439669889,27.38093549228396
16001,2024-11-19,2024-11-12,0.04,27.65,14.77,74.63,6.52,86.28835756602189,26.69619942793309
16004,2024-11-19,2024-11-12,0.0,27.65,14.96,74.13,5.51,86.47197016050602,26.586162347059087
4002,2024-11-19,2024-11-12,0.0,27.81,16.31,67.55,4.74,87.92856678890536,26.534545867727772
4005,2024-11-19,2024-11-12,0.01,28.15,13.27,66.62,4.78,88.06602804025023,26.732539954825288
4009,2024-11-19,2024-11-12,0.0,27.81,17.31,66.21,4.63,88.00155309067472,26.515698002954625
16012,2024-11-19,2024-11-12,0.03,27.37,15.58,71.93,7.02,86.25760632478989,26.83535710191322
16016,2024-11-19,2024-11-12,0.0,27.4,14.77,74.98,6.49,86.21959667514685,26.647487368975234
15011,2024-11-19,2024-11-12,0.0,26.97,15.74,75.24,3.84,86.81575566831532,26.55070770049217
15016,2024-11-19,2024-11-12,0.01,27.65,14.96,69.9,4.99,86.5396907735853,26.69945209286289
15017,2024-11-19,2024-11-12,0.0,27.65,15.74,75.66,5.28,86.80615309942336,26.489563092299186
15018,2024-11-19,2024-11-12,0.0,27.03,15.68,76.32,3.8,86.85344681444376,26.593353956789453
17005,2024-11-19,2024-11-12,0.0,27.12,14.77,78.43,6.38,85.98328328315552,26.67733475411099
17011,2024-11-19,2024-11-12,0.0,27.4,14.77,76.13,6.45,86.15597411839947,26.69960470392808
17014,2024-11-19,2024-11-12,0.0,27.25,15.12,77.3,5.55,86.00114245211903,26.79751809465713
17015,2024-11-19,2024-11-12,0.0,27.12,14.77,76.64,6.17,85.87857619307249,26.604292543687585
57001,2024-11-19,2024-11-12,0.0,23.43,9.3,74.51,3.56,81.63863480336501,28.2387150893534
57004,2024-11-19,2024-11-12,0.0,23.06,10.96,76.15,4.6,81.5575857048676,28.12660678785606
3001,2024-11-19,2024-11-12,0.24,26.87,14.87,67.91,4.59,87.72255213521487,26.74752431916676
4001,2024-11-19,2024-11-12,0.01,27.43,13.27,66.97,4.7,87.98432747883031,26.70459995824036
4008,2024-11-19,2024-11-12,0.0,27.68,16.31,72.9,5.18,87.7483825045609,26.464539159856788
14006,2024-11-19,2024-11-12,0.82,23.62,9.8,77.55,3.51,86.54298513523842,27.07845594409392
14008,2024-11-19,2024-11-12,0.7,27.37,11.74,72.85,4.92,86.53654232588379,26.937784016439394
20001,2024-11-19,2024-11-12,0.04,26.5,11.27,75.69,5.05,86.2387597109321,27.03262625414921
4015,2024-11-19,2024-11-12,0.0,26.87,16.31,70.23,4.97,87.8207508158295,26.61215935145386
71002,2024-11-19,2024-11-12,0.0,22.9,11.8,77.6,3.66,80.96392569476193,28.51742695889862
71005,2024-11-19,2024-11-12,0.0,22.4,11.96,73.36,3.02,80.78150152065794,28.753059581702495
71009,2024-11-19,2024-11-12,0.0,22.9,12.43,75.63,2.65,81.02512258604727,28.575071367074816
71012,2024-11-19,2024-11-12,0.0,23.56,8.99,72.02,3.91,81.04924761943755,28.817086791122232
5005,2024-11-19,2024-11-12,0.0,27.22,16.4,73.63,4.5,87.35548395649823,26.553918328036563
5009,2024-11-19,2024-11-12,0.29,27.22,13.55,70.18,3.97,87.40422423604676,26.78591665291982
23008,2024-11-19,2024-11-12,0.08,17.84,4.87,73.22,3.07,85.8757640238407,27.67369567710234
23012,2024-11-19,2024-11-12,0.0,17.81,4.87,64.48,2.94,85.94530237392672,27.752880467366783
33003,2024-11-19,2024-11-12,0.0,26.31,13.31,77.19,5.08,84.90791900526808,26.98752765242654
33007,2024-11-19,2024-11-12,0.0,26.25,14.55,76.93,3.96,85.0963803578619,27.03694689638243
17009,2024-11-19,2024-11-12,0.0,27.4,14.77,78.11,6.26,86.13380377270039,26.644675023842527
17013,2024-11-19,2024-11-12,0.0,27.25,11.27,76.0,6.23,85.96482487690274,26.979101733022414
17017,2024-11-19,2024-11-12,0.0,27.25,15.12,74.73,6.2,86.10230266035904,26.798797464543384
33010,2024-11-19,2024-11-12,0.0,26.53,12.4,71.99,4.65,85.13739093831417,27.23433177004676
33013,2024-11-19,2024-11-12,0.0,26.25,14.55,76.42,4.76,84.9433759440413,27.000259832870974
36010,2024-11-19,2024-11-12,0.0,22.0,9.17,59.59,3.62,84.60115961114879,28.09125351837713
46004,2024-11-19,2024-11-12,0.0,20.03,7.21,72.34,3.21,83.30940985993647,28.034674737559083
72002,2024-11-19,2024-11-12,0.0,22.43,10.96,76.83,4.33,80.3526074264017,28.70035648788474
18004,2024-11-19,2024-11-12,0.0,27.25,14.62,74.24,5.98,85.87213492514931,26.849425758390208
18011,2024-11-19,2024-11-12,0.0,27.12,14.77,76.64,6.17,85.85988135310524,26.642821817505997
18013,2024-11-19,2024-11-12,0.0,26.87,14.62,72.71,4.47,85.78361895160425,26.81006541109705
24003,2024-11-19,2024-11-12,0.15,17.87,8.3,78.79,3.17,85.74575305664533,27.636317919473505
24005,2024-11-19,2024-11-12,1.27,17.87,8.74,81.42,3.69,85.57228140673493,27.6179760089113
24008,2024-11-19,2024-11-12,0.42,18.5,7.27,76.45,3.85,85.59867065791707,27.71022364234717
24012,2024-11-19,2024-11-12,0.23,19.78,8.3,78.27,3.18,85.67118348580584,27.470433943444963
47001,2024-11-19,2024-11-12,0.0,20.84,9.43,69.09,3.42,83.59117461115,27.88634247217044
47005,2024-11-19,2024-11-12,0.0,21.5,8.96,73.31,3.66,83.33229870028964,27.851517437612152
47008,2024-11-19,2024-11-12,0.0,20.9,10.15,74.01,4.04,83.42985463828416,27.857590028735537
39003,2024-11-19,2024-11-12,0.0,21.22,8.49,73.97,3.69,83.77256878733077,28.039764189009222
39005,2024-11-19,2024-11-12,0.0,21.97,8.49,73.32,3.65,83.85663045985862,27.912300493052456
39008,2024-11-19,2024-11-12,0.0,20.62,9.43,67.78,3.73,83.53424941701589,27.95077485171759
72005,2024-11-19,2024-11-12,0.0,23.28,9.07,67.14,3.51,80.46909890528013,28.86121263293616
38003,2024-11-19,2024-11-12,0.0,21.37,9.49,63.98,3.01,84.39681140046156,28.054087854097983
38010,2024-11-19,2024-11-12,0.0,21.56,10.08,71.25,3.11,84.06665891587102,28.064843683096345
56004,2024-11-19,2024-11-12,0.0,25.09,11.06,72.84,5.67,82.60511688095758,27.7672424082232
61003,2024-11-19,2024-11-12,0.0,18.9,4.27,65.15,3.38,82.0266370378356,28.74843819438037
60007,2024-11-19,2024-11-12,0.0,20.9,4.27,63.96,4.0,81.68336094458616,28.706353695105307
73003,2024-11-19,2024-11-12,0.0,20.37,8.76,60.4,2.97,80.58311561605402,29.28264601922242
73006,2024-11-19,2024-11-12,0.0,19.37,8.58,60.93,2.59,80.70032726010545,29.35814247583216
72006,2024-11-19,2024-11-12,0.0,22.25,11.02,76.27,4.43,80.42787450932222,28.76187001223633
36003,2024-11-19,2024-11-12,0.0,22.0,10.43,63.5,3.36,84.74040772545136,28.01174187762897
36004,2024-11-19,2024-11-12,17.81,1.53,-17.57,63.67,3.9,84.8306392879286,28.53375645354173
36007,2024-11-19,2024-11-12,0.01,22.0,10.43,65.13,3.1,84.59935273475529,27.98293539651213
66001,2024-11-19,2024-11-12,0.0,15.34,-3.1,46.06,4.29,81.84642456707732,29.705384410011614
35099,2024-11-19,2024-11-12,0.0,25.25,12.49,71.08,3.75,84.34118667337198,27.511549627649643
12006,2024-11-19,2024-11-12,1.82,20.5,5.4,84.87,3.74,86.42803781748671,27.365485320428498
12008,2024-11-19,2024-11-12,0.43,20.5,5.68,81.52,3.26,86.37243522652642,27.26979472118192
16002,2024-11-19,2024-11-12,0.0,27.65,14.77,77.34,6.03,86.30664484103298,26.642294877158676
16006,2024-11-19,2024-11-12,0.18,27.37,12.65,75.39,6.76,86.41376141139511,26.81075772986359
16010,2024-11-19,2024-11-12,0.11,27.65,14.96,70.35,5.55,86.48123651423386,26.75679722663976
16013,2024-11-19,2024-11-12,0.01,27.37,15.58,71.93,7.02,86.27986644134975,26.775201442568974
15004,2024-11-19,2024-11-12,0.0,27.65,15.55,74.76,5.61,86.7179168644397,26.518689754263782
15005,2024-11-19,2024-11-12,0.0,27.34,15.55,73.87,5.93,86.57145496151483,26.56451815840965
15009,2024-11-19,2024-11-12,0.0,27.03,14.9,76.41,4.34,86.89828417892096,26.63618375537206
15012,2024-11-19,2024-11-12,0.0,27.65,15.74,75.66,5.28,86.76546037124122,26.535571740647725
15014,2024-11-19,2024-11-12,0.0,27.03,14.9,75.11,4.33,86.92737617639665,26.710706762645653
17012,2024-11-19,2024-11-12,0.0,27.25,15.12,77.3,5.55,85.93424819150961,26.79822277722305
18007,2024-11-19,2024-11-12,0.0,26.65,14.83,74.85,5.96,85.7996170551801,26.64671405915029
18015,2024-11-19,2024-11-12,0.0,26.87,14.62,74.7,5.53,85.72299369564934,26.867002020870743
22005,2024-11-19,2024-11-12,0.08,15.15,-3.79,59.49,3.61,86.28309880033339,27.66357236863313
29001,2024-11-19,2024-11-12,0.4,16.81,-17.98,58.31,5.12,85.50734055056736,28.21228460629797
28001,2024-11-19,2024-11-12,0.01,21.53,9.99,74.65,5.02,85.12286437772318,27.82497084889005
28003,2024-11-19,2024-11-12,0.0,18.65,1.96,64.4,3.44,85.42628713893306,27.938024800772663
28010,2024-11-19,2024-11-12,0.0,16.81,1.96,62.34,3.48,85.25258916887311,27.945381890362725
32002,2024-11-19,2024-11-12,0.0,26.47,13.84,75.16,3.46,85.373552305321,27.04132944058876
32005,2024-11-19,2024-11-12,0.0,26.34,14.93,71.59,5.2,85.32252417831891,26.838373926538555
32009,2024-11-19,2024-11-12,0.0,26.47,13.84,75.62,3.86,85.26957646993678,27.10494347857818
32011,2024-11-19,2024-11-12,0.0,26.25,14.65,77.43,3.17,85.25018364607087,26.995643875876254
32014,2024-11-19,2024-11-12,0.0,26.34,15.4,70.4,5.17,85.23481973643119,26.85480271264824
32015,2024-11-19,2024-11-12,0.0,26.25,14.18,77.2,4.12,85.20344959626658,27.02038455966807
33009,2024-11-19,2024-11-12,0.0,26.25,14.55,76.42,4.76,85.05782401357462,26.98251114082806
34006,2024-11-19,2024-11-12,0.0,26.31,12.65,77.67,4.7,84.72304042618987,27.13935127106743
39002,2024-11-19,2024-11-12,0.1,21.22,8.46,75.37,3.34,83.75731358872211,28.102319697798
39011,2024-11-19,2024-11-12,0.0,21.22,8.49,73.97,3.69,83.76689637670988,27.984364640640063
38007,2024-11-19,2024-11-12,0.0,21.97,10.08,72.9,2.79,84.05206702725545,27.89319895189567
36006,2024-11-19,2024-11-12,0.0,22.0,10.43,64.69,3.23,84.70753717808314,27.85932132309412
37002,2024-11-19,2024-11-12,0.06,19.72,-10.23,61.53,3.67,84.54612164842517,28.292736613574075
40005,2024-11-19,2024-11-12,0.0,21.56,10.08,69.12,1.92,84.17316370374219,28.14238866247291
68011,2024-11-19,2024-11-12,0.0,14.68,-12.13,52.96,3.79,81.29455333207554,29.660480691737806
48002,2024-11-19,2024-11-12,0.0,25.09,12.56,68.94,4.12,83.67109558833118,27.46504095017989
48003,2024-11-19,2024-11-12,0.0,25.09,12.56,77.96,4.67,83.79069616385895,27.437713542341463
48004,2024-11-19,2024-11-12,0.0,25.09,12.56,67.33,3.89,83.64900123503027,27.52687276186883
48006,2024-11-19,2024-11-12,0.0,24.84,16.49,59.8,3.18,83.66562006083525,27.617974626458413
48007,2024-11-19,2024-11-12,0.0,25.09,12.56,71.33,4.53,83.85717454307442,27.42275059327076
8004,2024-11-19,2024-11-12,1.12,17.28,7.87,82.56,3.33,87.52090029171627,27.244227943940725
10001,2024-11-19,2024-11-12,1.44,26.62,11.21,79.85,4.14,87.02139708145575,26.96487109232805
10005,2024-11-19,2024-11-12,0.09,22.09,8.4,81.74,3.7,87.14504204633113,27.125404509427533
6008,2024-11-19,2024-11-12,0.0,27.78,15.68,76.97,4.63,87.11345967297744,26.49881202682082
13005,2024-11-19,2024-11-12,1.2,26.62,11.21,79.84,3.82,86.9138984411997,26.97349292342656
51002,2024-11-19,2024-11-12,0.0,20.03,8.96,72.08,3.33,83.22558059121103,27.995282155542142
51004,2024-11-19,2024-11-12,0.0,21.5,8.96,73.31,3.66,83.24466244389482,27.887154429866214
51005,2024-11-19,2024-11-12,0.0,21.5,8.96,71.71,3.85,83.13777427750217,27.97380234643506
51006,2024-11-19,2024-11-12,0.0,23.93,8.96,70.51,4.68,83.01401643742639,27.8411785002144
44005,2024-11-19,2024-11-12,0.29,18.59,4.2,67.63,3.64,83.72506627968723,28.299729521503277
44006,2024-11-19,2024-11-12,0.0,21.22,8.49,73.97,3.69,83.66591215199544,28.0445258997732
52001,2024-11-19,2024-11-12,0.0,22.59,9.99,68.61,5.61,82.92233306757515,27.99210348940004
52002,2024-11-19,2024-11-12,0.01,16.68,-0.07,72.55,3.79,83.01989220689687,28.254049543151478
52005,2024-11-19,2024-11-12,0.0,22.59,6.55,68.9,4.65,82.75933537680802,28.04479323939804
52007,2024-11-19,2024-11-12,0.0,22.59,4.77,70.4,4.78,82.85113085153598,28.125593898945237
52009,2024-11-19,2024-11-12,0.0,22.59,6.55,70.29,4.67,82.69405168699343,28.134058972305272
53006,2024-11-19,2024-11-12,0.0,17.87,5.56,73.46,4.14,82.42120637261065,28.44514816709662
53010,2024-11-19,2024-11-12,0.0,18.97,5.07,71.53,3.47,82.4666597859776,28.296515301949363
55001,2024-11-19,2024-11-12,0.0,19.22,5.56,72.8,4.04,82.3271627829001,28.475657700957296
55008,2024-11-19,2024-11-12,0.0,19.22,6.34,72.13,3.94,82.19462007998557,28.55889458778891
69006,2024-11-19,2024-11-12,0.0,21.0,2.4,55.18,3.88,81.31929177258242,29.26257610908048
69007,2024-11-19,2024-11-12,0.0,18.87,3.15,55.9,3.59,81.4523256663041,29.108206952087954
69008,2024-11-19,2024-11-12,0.0,15.68,6.77,50.08,2.37,81.41979100441984,29.203667534129465
67001,2024-11-19,2024-11-12,0.02,13.93,-1.13,51.57,4.01,81.49578595710133,29.4326506060826
67002,2024-11-19,2024-11-12,0.0,14.5,2.4,59.21,4.94,81.31854086156947,29.362394905000883
67003,2024-11-19,2024-11-12,0.26,15.34,0.82,51.5,3.36,81.61742855446602,29.5295026065761
67004,2024-11-19,2024-11-12,0.0,14.5,2.4,59.21,4.94,81.29744588012578,29.406984449557967
67005,2024-11-19,2024-11-12,0.1,14.5,-1.13,56.04,4.21,81.44939237705678,29.55924223764746
67006,2024-11-19,2024-11-12,0.66,15.34,-10.35,49.1,3.9,81.65826987684748,29.751709516739112
67007,2024-11-19,2024-11-12,0.0,13.22,1.15,52.5,3.42,81.66066198312903,29.391883317505776
67009,2024-11-19,2024-11-12,0.0,15.68,2.4,51.58,4.28,81.41977664770559,29.32930747924597
68012,2024-11-19,2024-11-12,0.0,16.72,-0.95,59.58,4.14,81.0067768598054,29.44969830947218
74001,2024-11-19,2024-11-12,0.0,20.53,6.52,63.28,3.49,80.43063255009845,29.534821619174966
74002,2024-11-19,2024-11-12,0.0,17.12,2.15,48.15,3.59,80.64774061884192,29.665267462545497
74003,2024-11-19,2024-11-12,0.0,19.56,9.42,60.75,3.73,80.52835253292675,29.596929757637863
74004,2024-11-19,2024-11-12,0.0,20.53,6.52,68.21,4.04,80.41998098328867,29.429227852344955
74005,2024-11-19,2024-11-12,0.0,20.53,6.52,65.19,3.76,80.3189829805224,29.447447707927967
74006,2024-11-19,2024-11-12,0.0,20.53,6.52,62.31,3.34,80.57833851798249,29.44522023547401
54003,2024-11-19,2024-11-12,0.0,19.22,5.56,72.88,4.67,82.26230930265251,28.63582412540505
32008,2024-11-19,2024-11-12,0.0,26.34,14.93,71.59,5.2,85.27477365516236,26.77821123555394
68001,2024-11-19,2024-11-12,0.0,19.37,7.02,53.97,2.99,80.83345518359799,29.516590467754455
68002,2024-11-19,2024-11-12,0.0,15.97,-12.13,46.9,3.14,80.92967206075784,29.66021774732669
68003,2024-11-19,2024-11-12,0.0,16.72,-0.95,54.97,4.02,81.05704442096454,29.55935504800752
68004,2024-11-19,2024-11-12,0.0,16.72,2.63,50.34,3.89,81.0043918707107,29.528299973122277
68005,2024-11-19,2024-11-12,0.0,14.68,-0.95,57.4,4.56,81.19183303267701,29.54020876820266
68006,2024-11-19,2024-11-12,0.13,9.87,-14.23,52.92,3.61,81.29848731086375,29.867531112943603
68007,2024-11-19,2024-11-12,0.0,19.37,2.63,50.76,3.16,80.93244445080072,29.513318317076983
68008,2024-11-19,2024-11-12,0.0,16.72,-0.95,57.93,4.45,81.19596785196121,29.454880629706736
68010,2024-11-19,2024-11-12,0.0,14.68,-12.13,50.17,3.53,81.12515228020405,29.67836895305978
7001,2024-11-19,2024-11-12,0.51,22.72,10.65,74.73,4.1,87.4750785392155,26.91421799931033
7003,2024-11-19,2024-11-12,0.6,22.09,11.06,81.56,4.59,87.32841682504456,26.983258870629328
7004,2024-11-19,2024-11-12,0.02,22.09,11.77,82.28,5.0,87.21632325962676,26.954918325546917
7005,2024-11-19,2024-11-12,0.91,22.09,7.92,80.39,3.79,87.33013363657919,27.137050385081988
7006,2024-11-19,2024-11-12,0.08,22.09,11.06,78.98,4.0,87.25188257150111,27.0525411238862
13002,2024-11-19,2024-11-12,0.53,26.62,11.21,79.02,4.22,86.82317171803498,26.93509195892428
13003,2024-11-19,2024-11-12,0.29,20.43,9.27,80.11,3.2,86.78878905720744,27.103873921944786
13004,2024-11-19,2024-11-12,0.02,21.47,9.27,78.46,3.02,86.60399568211248,27.16672644406009
13006,2024-11-19,2024-11-12,0.52,18.31,4.87,82.8,3.39,86.8840571123028,27.34486424034932
13007,2024-11-19,2024-11-12,0.8,20.43,8.4,84.08,3.44,86.85060118128214,27.048231223465827
13009,2024-11-19,2024-11-12,0.06,21.47,4.87,80.35,3.47,86.80263995734717,27.233123514340004
13010,2024-11-19,2024-11-12,0.94,18.31,8.4,84.02,3.3,86.88093282544908,27.17239148140931
22002,2024-11-19,2024-11-12,0.28,15.56,4.87,76.79,3.5,86.01805934771816,27.68708400916634
45009,2024-11-19,2024-11-12,0.02,13.43,-3.71,69.93,4.09,83.2231453990156,28.43690037116348
56008,2024-11-19,2024-11-12,0.0,24.15,9.99,70.32,5.09,82.69947514347074,27.86760089409243
55005,2024-11-19,2024-11-12,0.0,19.22,6.34,72.13,3.94,82.17933311676322,28.467086755145772
66005,2024-11-19,2024-11-12,0.0,12.22,-11.1,44.34,4.78,81.93084830070082,29.79246092145206
66007,2024-11-19,2024-11-12,0.0,15.34,-0.44,48.04,3.83,81.75771965144115,29.6847203202374
57003,2024-11-19,2024-11-12,0.0,23.06,10.96,76.33,4.63,81.60289534523793,28.09079814858929
57006,2024-11-19,2024-11-12,0.0,24.15,9.99,77.18,6.63,81.86168280082805,27.92795041349051
75007,2024-11-19,2024-11-12,0.0,17.12,-4.17,48.64,3.65,80.81988182994183,29.73936351654267
75008,2024-11-19,2024-11-12,0.0,15.62,2.15,46.67,3.94,80.66510657964209,29.794054442289408
68099,2024-11-19,2024-11-12,0.0,16.72,3.24,62.49,4.3,81.11291733117037,29.42407535743345
75009,2024-11-19,2024-11-12,0.0,19.56,3.52,53.4,3.68,80.56971859848353,29.7092222276065
74007,2024-11-19,2024-11-12,0.0,17.12,7.21,49.64,3.24,80.69975553340561,29.59945957984095
14002,2024-11-19,2024-11-12,0.02,26.97,11.21,77.27,4.17,86.88031164651397,26.80880516614254
14005,2024-11-19,2024-11-12,0.8,21.47,9.8,78.94,2.92,86.64094549999608,27.087218183617683
58004,2024-11-19,2024-11-12,0.0,23.56,10.9,80.69,4.98,81.20066610482185,28.501616499423925
58008,2024-11-19,2024-11-12,0.0,23.56,10.71,76.44,4.33,81.2960622857888,28.44234831341947
67008,2024-11-19,2024-11-12,0.0,15.34,1.15,52.88,3.44,81.75608837012452,29.43702714617136
75001,2024-11-19,2024-11-12,0.01,11.47,-12.83,47.98,3.76,80.90552280353755,29.86057584725131
75002,2024-11-19,2024-11-12,0.03,15.62,-13.79,46.92,4.72,80.85939323033773,30.13318471380933
75003,2024-11-19,2024-11-12,0.0,15.62,-0.41,50.27,4.21,80.61573680541932,29.885644820771567
75004,2024-11-19,2024-11-12,0.0,19.56,9.42,54.66,3.37,80.45702040246672,29.659711293185858
74008,2024-11-19,2024-11-12,0.0,20.53,6.52,64.72,4.07,80.33537994768334,29.371098954805085
74009,2024-11-19,2024-11-12,0.0,19.37,7.02,56.14,3.15,80.78128196152994,29.450550711226864
74010,2024-11-19,2024-11-12,0.0,19.56,7.21,57.21,3.03,80.60549936088512,29.526032248462556
17002,2024-11-19,2024-11-12,0.0,27.25,14.62,73.88,5.99,85.92281460830071,26.885119497717103
22009,2024-11-19,2024-11-12,0.13,20.28,4.96,79.09,3.69,86.12174831326207,27.54561666390584
29002,2024-11-19,2024-11-12,0.0,16.81,8.32,66.21,4.0,85.22203916981172,28.0271839334502
29004,2024-11-19,2024-11-12,2.6,16.81,-17.35,68.32,4.51,85.25092170319283,28.215507751629115
34014,2024-11-19,2024-11-12,0.0,25.97,11.62,74.34,4.22,84.634750913142,27.32080132896662
63001,2024-11-19,2024-11-12,0.0,10.62,-4.42,46.71,5.33,82.15224652114871,29.29511479965679
63002,2024-11-19,2024-11-12,0.0,9.0,-5.76,36.97,4.27,82.36710036332424,29.197156936289144
63004,2024-11-19,2024-11-12,0.0,9.03,-4.42,47.53,4.83,82.05879681802374,29.418490944185333
63005,2024-11-19,2024-11-12,0.0,9.0,-15.92,34.32,3.79,82.38518236060045,29.35900635015369
63006,2024-11-19,2024-11-12,0.0,10.62,-4.42,48.74,5.09,82.02764291074439,29.343292724822472
63008,2024-11-19,2024-11-12,0.0,12.81,-3.77,58.59,5.44,81.98463649143275,29.186606452004696
64002,2024-11-19,2024-11-12,0.0,13.75,-2.15,58.15,5.57,81.67406524119994,29.150267655097245
6002,2024-11-19,2024-11-12,0.0,27.22,16.15,77.39,4.77,87.20604107890271,26.459600158626937
7007,2024-11-19,2024-11-12,0.3,25.84,11.06,78.05,5.3,87.30747540783123,26.896138108315064
16011,2024-11-19,2024-11-12,0.01,27.65,14.96,74.29,6.56,86.41245882194345,26.668879338032934
16015,2024-11-19,2024-11-12,0.0,27.65,14.96,74.13,5.51,86.46929647525013,26.636869054210187
29005,2024-11-19,2024-11-12,1.37,16.81,-1.19,68.66,3.64,85.18393781183657,28.087389556140025
31004,2024-11-19,2024-11-12,0.0,25.03,11.62,72.92,3.99,85.027221646307,27.415928245964285
12001,2024-11-19,2024-11-12,0.71,20.5,5.68,79.34,3.24,86.2914817713514,27.31032299258719
17007,2024-11-19,2024-11-12,0.0,27.25,15.12,72.35,6.12,86.12337840784728,26.939342415709653
20005,2024-11-19,2024-11-12,0.0,26.5,8.65,76.76,4.98,85.93062782835923,27.187849889296228
20009,2024-11-19,2024-11-12,0.09,26.5,11.27,74.64,5.23,86.13218632530614,27.133879729474536
21001,2024-11-19,2024-11-12,0.25,20.28,5.18,81.35,3.3,85.92120036368276,27.549422334948265
23010,2024-11-19,2024-11-12,2.12,18.5,-14.48,57.46,4.12,85.6434789966453,28.013607297984223
27008,2024-11-19,2024-11-12,0.04,20.59,9.42,74.47,3.68,85.26138470905312,27.72729264157427
24002,2024-11-19,2024-11-12,0.58,20.81,8.74,77.71,3.1,85.49598343519466,27.507032628884755
24007,2024-11-19,2024-11-12,0.04,19.78,8.77,77.76,3.19,85.62167355031147,27.392395883065728
47009,2024-11-19,2024-11-12,0.0,20.9,9.43,71.55,3.73,83.52043362084083,27.866652993934437
46008,2024-11-19,2024-11-12,0.0,17.97,4.77,71.84,4.6,83.14658990916101,28.21570488198945
46010,2024-11-19,2024-11-12,0.0,20.03,5.93,71.84,3.79,83.25832056068192,28.06778901563545
37001,2024-11-19,2024-11-12,0.0,19.72,9.49,60.74,3.01,84.38039144875125,28.21745806952135
37003,2024-11-19,2024-11-12,0.0,19.72,-10.23,62.59,3.67,84.58627435560018,28.216095548980118
37004,2024-11-19,2024-11-12,0.61,19.72,-4.41,66.65,3.43,84.25147404887947,28.291560069220026
37005,2024-11-19,2024-11-12,0.0,21.56,9.49,65.93,2.42,84.26195574769147,28.14960180065943
37007,2024-11-19,2024-11-12,0.0,22.0,9.17,61.79,3.31,84.49562846188151,28.11665621158421
53003,2024-11-19,2024-11-12,0.0,16.03,5.07,69.73,2.83,82.49815054852562,28.39267718320403
59001,2024-11-19,2024-11-12,0.0,23.34,8.93,67.13,3.99,81.47401353534315,28.66241357105909
71007,2024-11-19,2024-11-12,0.0,23.28,9.07,67.14,3.51,80.57616090467452,28.869822251614984
71011,2024-11-19,2024-11-12,0.0,23.56,10.06,76.56,3.83,81.15441427849481,28.65128706703313
72004,2024-11-19,2024-11-12,0.0,22.75,9.56,69.92,4.13,80.16800396972334,29.006766800965316
76001,2024-11-19,2024-11-12,0.0,25.09,10.58,69.55,4.03,83.84248497936724,27.63663002813377
37008,2024-11-19,2024-11-12,0.0,19.72,9.49,60.74,3.01,84.36945273750975,28.153166236846864
41001,2024-11-19,2024-11-12,1.01,4.53,-12.7,62.96,3.78,84.25330182885988,28.517850481346336
41003,2024-11-19,2024-11-12,0.78,10.15,-17.57,57.18,3.57,84.41231329990231,28.589121759806208
41004,2024-11-19,2024-11-12,1.15,6.22,-14.63,43.47,4.4,84.0222221490499,28.65951063588962
43002,2024-11-19,2024-11-12,0.01,18.22,2.02,72.49,4.23,83.53368443775659,28.352801285535318
43003,2024-11-19,2024-11-12,0.43,14.75,-14.19,54.96,4.65,83.34858511791874,28.62340856830465
43004,2024-11-19,2024-11-12,0.12,13.43,2.02,78.94,4.06,83.35341590142762,28.41940020195388
43005,2024-11-19,2024-11-12,0.13,14.75,2.02,73.03,4.23,83.45081289579718,28.3783400037901
44001,2024-11-19,2024-11-12,0.0,20.62,6.37,70.4,4.06,83.59944690996925,28.056881291511026
44002,2024-11-19,2024-11-12,0.0,18.22,5.15,67.72,4.09,83.6175884857725,28.33140649903889
44003,2024-11-19,2024-11-12,0.1,18.59,6.37,71.8,3.72,83.7042908746671,28.231628988528687
61001,2024-11-19,2024-11-12,0.03,17.12,-4.32,48.23,4.06,82.2848400967976,28.99470855074009
61002,2024-11-19,2024-11-12,0.0,19.22,6.34,65.65,3.19,82.16303308243901,28.69742658247869
61004,2024-11-19,2024-11-12,0.0,18.62,-2.58,64.14,3.92,81.97917322084514,28.89632587851224
61005,2024-11-19,2024-11-12,0.01,17.12,-2.58,59.84,3.73,82.13683961101086,28.87816765347102
9006,2024-11-19,2024-11-12,1.27,15.06,5.58,80.37,3.02,87.41564089243285,27.257210959655108
29003,2024-11-19,2024-11-12,0.0,16.81,1.96,62.34,3.48,85.3046738290618,28.025136817869907
28008,2024-11-19,2024-11-12,0.0,20.59,1.96,67.14,3.87,85.31475407608647,27.89407838167739
28012,2024-11-19,2024-11-12,0.01,21.53,8.3,72.37,4.25,85.03925800816678,27.889667672847267
30004,2024-11-19,2024-11-12,0.02,21.53,11.52,75.73,5.41,84.98763587651484,27.79297386306924
30007,2024-11-19,2024-11-12,0.13,17.22,-1.19,66.94,3.28,85.0425646205638,28.08233533995213
33002,2024-11-19,2024-11-12,0.0,26.25,14.55,76.93,3.96,85.13617468005978,26.9965511233447
33005,2024-11-19,2024-11-12,0.0,26.53,12.4,72.28,4.82,85.00847869992356,27.20059416233798
33011,2024-11-19,2024-11-12,0.0,26.65,13.62,75.07,4.45,85.07525001917013,26.895965063172675
33016,2024-11-19,2024-11-12,0.0,26.65,13.62,76.23,4.74,85.03935500262457,26.918504483277346
52004,2024-11-19,2024-11-12,0.0,22.59,4.77,70.4,4.78,82.911725750061,28.071972010176378
52008,2024-11-19,2024-11-12,0.0,23.93,9.99,70.16,6.14,82.82948858286704,27.94807824058305
64003,2024-11-19,2024-11-12,0.0,17.81,-3.77,57.81,4.78,81.85416734441608,29.044721424035025
64004,2024-11-19,2024-11-12,0.0,15.68,3.15,51.11,3.92,81.53225004299091,29.21533131368504
64005,2024-11-19,2024-11-12,0.0,13.75,-2.15,55.33,4.5,81.71988524492733,29.249848722404348
64006,2024-11-19,2024-11-12,0.0,13.22,-2.15,56.6,4.83,81.83970197427877,29.350271451325803
61007,2024-11-19,2024-11-12,0.0,17.12,-3.6,51.06,3.56,82.37411494432408,28.878675153653667
59004,2024-11-19,2024-11-12,0.0,22.84,8.87,68.56,3.8,81.19265107308998,28.875526755465486
59007,2024-11-19,2024-11-12,0.0,21.78,9.3,62.7,3.03,81.75158220322847,28.53992269272913
59009,2024-11-19,2024-11-12,0.0,19.18,10.71,63.85,2.98,81.95330176869308,28.552258111807884
58001,2024-11-19,2024-11-12,0.0,23.28,10.96,76.02,5.23,81.4790716967316,28.17116993387944
34099,2024-11-19,2024-11-12,0.0,26.53,11.62,74.8,4.65,84.77983900861177,27.34318064337728
49099,2024-11-19,2024-11-12,0.0,24.59,15.02,69.02,3.83,83.27615597858664,27.484281158685786
34002,2024-11-19,2024-11-12,0.0,26.31,13.31,77.95,5.39,84.79418997313495,27.03569911416718
55002,2024-11-19,2024-11-12,0.0,19.22,6.34,69.41,3.58,82.05381224353096,28.489466606422223
55006,2024-11-19,2024-11-12,0.0,23.28,8.02,70.89,3.64,81.94944263129604,28.291399178743585
55009,2024-11-19,2024-11-12,0.0,19.18,8.02,67.56,3.43,82.16229082753361,28.381769715838708
64008,2024-11-19,2024-11-12,0.0,13.75,3.15,51.62,4.69,81.58951436258275,29.284456176430226
60001,2024-11-19,2024-11-12,0.0,18.87,3.15,57.84,4.0,81.49079164006119,29.02359989148426
60004,2024-11-19,2024-11-12,0.0,22.12,5.79,64.77,4.17,81.55863479148768,28.934718503516983
60008,2024-11-19,2024-11-12,0.0,20.72,3.23,64.33,4.44,81.69338055688378,28.94834761806823
60010,2024-11-19,2024-11-12,0.0,18.62,-2.58,64.22,4.55,81.8228216580782,28.931214845086654
57007,2024-11-19,2024-11-12,0.0,23.28,10.74,75.14,4.32,81.64601131937742,28.060412464114577
70001,2024-11-19,2024-11-12,0.0,19.37,7.02,60.39,3.72,80.87525548231095,29.34427898420701
76007,2024-11-19,2024-11-12,0.0,24.59,11.87,72.39,3.08,84.12167093918502,27.641769216227388
1007,2024-11-19,2024-11-12,0.28,18.31,0.34,80.83,2.7,87.94176471524781,27.35228893058123
3006,2024-11-19,2024-11-12,1.89,23.93,6.99,77.83,4.47,88.01254424644482,26.962366143861477
9001,2024-11-19,2024-11-12,0.53,11.68,-7.69,71.98,3.95,87.44875977516722,27.759033656562004
10007,2024-11-19,2024-11-12,0.67,20.97,5.43,75.59,2.37,87.00329423120539,27.398850025051484
10008,2024-11-19,2024-11-12,0.5,21.53,5.43,78.53,2.71,87.10886920482956,27.330048722434007
4003,2024-11-19,2024-11-12,0.0,28.15,17.24,68.17,4.83,88.07431005798985,26.52435499926936
4006,2024-11-19,2024-11-12,0.01,27.5,14.87,68.2,4.26,87.6766783701536,26.67300775581935
4010,2024-11-19,2024-11-12,0.0,27.81,16.31,68.96,4.9,87.86500217630417,26.51093847398448
4013,2024-11-19,2024-11-12,0.0,27.43,16.31,65.7,4.9,87.90559078994245,26.640522601117368
4014,2024-11-19,2024-11-12,0.0,28.15,13.27,66.62,4.78,88.11578776282666,26.675364222106257
5003,2024-11-19,2024-11-12,0.0,27.22,16.15,75.34,4.53,87.29822489200842,26.561407553771254
5006,2024-11-19,2024-11-12,0.0,27.4,16.15,74.68,4.83,87.33291808565232,26.405799828431192
5007,2024-11-19,2024-11-12,0.0,27.5,16.83,70.16,3.65,87.5004714432798,26.596507518809087
5010,2024-11-19,2024-11-12,0.09,27.5,13.55,69.9,3.8,87.5166832696437,26.7554871857229
5013,2024-11-19,2024-11-12,0.0,27.68,16.31,71.55,4.4,87.47026796846225,26.49462262346692
5014,2024-11-19,2024-11-12,0.0,27.68,16.31,72.19,4.24,87.62006582698423,26.47922531020605
5017,2024-11-19,2024-11-12,0.0,27.5,14.87,67.12,3.24,87.62177023013714,26.64932251452909
17006,2024-11-19,2024-11-12,0.0,27.25,15.12,74.46,6.75,86.04313973484564,26.874244259243337
17008,2024-11-19,2024-11-12,0.0,27.25,15.12,77.3,5.55,86.02759944254016,26.758063091709992
17010,2024-11-19,2024-11-12,0.0,27.25,14.62,75.82,5.59,85.93438007495283,26.72577191106907
17016,2024-11-19,2024-11-12,0.0,27.12,14.77,76.64,6.17,85.92462227789358,26.64442996443964
17018,2024-11-19,2024-11-12,0.0,27.4,14.77,76.42,6.23,86.1068443025789,26.73506703168598
23009,2024-11-19,2024-11-12,0.01,18.65,7.27,70.89,3.95,85.54085668210249,27.82649924565881
23011,2024-11-19,2024-11-12,0.0,17.84,7.12,69.1,3.06,85.80692672241943,27.709528474489144
33001,2024-11-19,2024-11-12,0.0,26.25,14.55,76.93,3.96,85.14195585406047,26.94487000749616
33004,2024-11-19,2024-11-12,0.0,26.25,14.55,76.42,4.76,85.00473607670118,26.943768758193706
33006,2024-11-19,2024-11-12,0.0,26.53,14.55,72.15,4.84,85.00936545445737,27.02895978138012
33008,2024-11-19,2024-11-12,0.0,26.53,14.18,74.67,4.48,85.14550472917458,27.104200147917705
33012,2024-11-19,2024-11-12,0.0,26.31,13.31,77.19,5.08,84.93122651394488,27.05637786690021
33015,2024-11-19,2024-11-12,0.0,26.65,13.62,75.07,4.45,85.13553627140031,26.896083346552118
36005,2024-11-19,2024-11-12,14.45,13.93,-17.35,75.06,3.78,84.92501983294132,28.304692279876846
36008,2024-11-19,2024-11-12,0.0,22.0,10.43,66.51,3.4,84.50616714888892,28.01032555383245
36011,2024-11-19,2024-11-12,6.12,22.0,-1.51,68.44,3.15,84.73354764503979,28.162621282410505
66002,2024-11-19,2024-11-12,0.0,12.22,-14.2,46.02,4.95,82.25132560520844,29.84819985600813
66004,2024-11-19,2024-11-12,0.21,5.0,-18.38,45.47,5.34,81.61043757733111,30.176680251997617
71001,2024-11-19,2024-11-12,0.0,22.9,10.06,76.26,3.08,81.04096865639202,28.6803404149646
71004,2024-11-19,2024-11-12,0.0,22.4,11.65,75.02,3.5,80.65474474459666,28.693146754850225
71006,2024-11-19,2024-11-12,0.0,22.9,10.06,75.25,3.04,80.94001829708047,28.70553555288639
71008,2024-11-19,2024-11-12,0.0,23.56,10.9,78.52,4.06,81.14224240365878,28.56950989462351
71010,2024-11-19,2024-11-12,0.0,22.9,11.62,75.48,3.89,80.80977455333394,28.59576903800558
71013,2024-11-19,2024-11-12,0.0,23.56,10.9,78.64,4.57,81.08659489236072,28.48518854727866
2001,2024-11-19,2024-11-12,0.51,18.31,0.34,82.79,3.23,87.92660750112576,27.173262886257906
18005,2024-11-19,2024-11-12,0.0,26.87,14.62,73.78,5.21,85.76501916460359,26.687461925372634
18009,2024-11-19,2024-11-12,0.0,26.87,14.62,73.78,5.21,85.81176786667632,26.703493912514958
18012,2024-11-19,2024-11-12,0.0,27.12,14.62,75.33,5.6,85.86846316064124,26.69445765852745
18014,2024-11-19,2024-11-12,0.0,26.87,14.62,72.71,4.47,85.7478871234324,26.805803179117216
19011,2024-11-19,2024-11-12,0.0,26.47,14.37,76.02,5.23,85.5484732950731,27.01127118739012
24001,2024-11-19,2024-11-12,1.04,17.87,8.74,80.74,2.88,85.5136186737185,27.648347403342203
24004,2024-11-19,2024-11-12,0.0,17.84,8.3,76.15,2.64,85.80512586277803,27.580809236973764
24006,2024-11-19,2024-11-12,0.02,20.81,11.9,74.67,3.33,85.49675821978379,27.42875639159558
24009,2024-11-19,2024-11-12,1.19,17.87,8.3,78.79,3.17,85.63978598994296,27.553225276836805
24010,2024-11-19,2024-11-12,0.74,17.87,8.74,80.74,2.88,85.47827837311583,27.577260926328613
24013,2024-11-19,2024-11-12,0.02,19.78,8.3,79.05,3.43,85.75713314178802,27.509664103247463
47002,2024-11-19,2024-11-12,0.0,24.84,12.3,64.15,3.36,83.6563793151938,27.75670671126588
47004,2024-11-19,2024-11-12,0.0,21.06,12.3,68.49,3.53,83.7737264097964,27.814127085843268
47006,2024-11-19,2024-11-12,0.0,21.22,8.49,71.23,3.61,83.6925862236894,27.86910181632973
46005,2024-11-19,2024-11-12,0.0,19.59,5.93,74.16,4.32,83.21193136417112,28.15700340599818
39001,2024-11-19,2024-11-12,0.18,18.59,8.46,72.17,3.2,83.79795929800767,28.15657621362503
39004,2024-11-19,2024-11-12,0.0,21.25,8.49,76.57,3.04,83.89736240982245,28.00954921752191
39006,2024-11-19,2024-11-12,0.0,21.22,8.49,71.23,3.61,83.67226596043582,27.954918013088317
39009,2024-11-19,2024-11-12,0.15,20.18,8.46,72.19,4.6,83.86806364491521,28.17195730166185
39010,2024-11-19,2024-11-12,0.04,21.25,8.46,74.38,3.82,83.89295516487286,28.09846288899375
38004,2024-11-19,2024-11-12,0.0,21.56,10.08,75.44,1.92,84.04291709169426,27.96557855197566
62003,2024-11-19,2024-11-12,0.0,11.25,-15.92,38.41,3.91,82.64656390037733,29.240420349027683
61006,2024-11-19,2024-11-12,0.0,18.9,4.27,65.65,3.19,81.92471318091026,28.685485848920933
60003,2024-11-19,2024-11-12,0.0,20.72,3.23,61.93,4.21,81.64286682239889,28.95247628802223
60011,2024-11-19,2024-11-12,0.0,18.87,5.79,58.93,3.15,81.5509058710055,29.00208427625107
59002,2024-11-19,2024-11-12,0.0,23.43,9.3,65.17,3.17,81.69194672075885,28.45761112604614
69003,2024-11-19,2024-11-12,0.0,20.09,8.87,63.23,3.57,81.22811153527998,28.9758145800999
69004,2024-11-19,2024-11-12,0.0,21.0,6.77,57.19,3.19,81.33820928342887,29.05994189688083
73001,2024-11-19,2024-11-12,0.0,20.53,6.52,65.82,3.26,80.51776663039553,29.36132768572864
73007,2024-11-19,2024-11-12,0.0,23.28,9.56,63.55,4.02,80.34474470365612,29.1287568376916
72001,2024-11-19,2024-11-12,0.0,23.28,9.56,67.49,3.84,80.2706394309303,28.993684020490694
72003,2024-11-19,2024-11-12,0.0,22.43,10.96,75.31,3.67,80.26347191242499,28.77351341850241
72008,2024-11-19,2024-11-12,0.0,22.25,11.02,76.27,4.43,80.47703680142784,28.647713886142444
72009,2024-11-19,2024-11-12,0.0,23.28,10.3,66.77,3.63,80.37817731655763,28.928756591871608
72099,2024-11-19,2024-11-12,0.0,23.28,9.56,72.85,4.05,80.24078256371605,28.86686295033629
2003,2024-11-19,2024-11-12,0.05,18.31,7.87,78.02,3.06,87.76269224599203,27.22140668027803
16003,2024-11-19,2024-11-12,0.0,27.65,14.96,76.89,5.92,86.36713034983934,26.63030204583905
16005,2024-11-19,2024-11-12,0.0,27.09,15.71,72.17,6.84,86.25132130644386,26.728932322661773
16007,2024-11-19,2024-11-12,0.17,27.37,15.58,71.93,7.02,86.34392107698889,26.81479135750242
16008,2024-11-19,2024-11-12,0.0,27.4,14.77,74.98,6.49,86.19971108569278,26.760558678670268
15003,2024-11-19,2024-11-12,0.0,27.65,15.55,74.76,5.61,86.67318093267663,26.495468664977547
15006,2024-11-19,2024-11-12,0.0,27.65,15.55,75.9,5.78,86.7316643333612,26.462077064999026
15007,2024-11-19,2024-11-12,0.0,27.34,15.55,73.87,5.93,86.63048568920739,26.530245313145805
15008,2024-11-19,2024-11-12,0.0,27.78,15.68,76.1,4.88,86.87631053122443,26.51255533210757
15010,2024-11-19,2024-11-12,0.0,27.34,17.02,71.36,5.1,86.60466847048805,26.640824113731234
15013,2024-11-19,2024-11-12,0.0,27.34,14.9,74.39,4.79,86.72973388043957,26.61272712900791
15015,2024-11-19,2024-11-12,0.0,27.34,14.9,71.16,4.58,86.68210676384214,26.63824685142048
28002,2024-11-19,2024-11-12,0.0,21.53,8.3,71.13,4.28,85.13606805719579,27.92586871526321
33014,2024-11-19,2024-11-12,0.0,26.25,14.55,76.42,4.76,84.9528665202424,27.047356649491327
35004,2024-11-19,2024-11-12,0.0,24.22,15.62,68.67,3.61,84.57118462115554,27.60575899972084
46007,2024-11-19,2024-11-12,0.0,17.97,4.77,71.84,4.6,83.07301547292428,28.176081370770174
46009,2024-11-19,2024-11-12,0.0,17.97,5.93,71.6,4.25,83.29173965867065,28.16704597537464
46012,2024-11-19,2024-11-12,0.0,20.62,9.43,67.78,3.73,83.46822904755852,28.031461129162587
38006,2024-11-19,2024-11-12,0.0,22.9,10.84,71.94,4.12,84.37214787759568,27.81043230882645
36001,2024-11-19,2024-11-12,0.78,21.15,1.43,65.12,2.82,84.8501754909401,28.120673301550237
36009,2024-11-19,2024-11-12,0.01,22.0,10.43,62.94,3.29,84.63339354474923,27.926208766430413
37006,2024-11-19,2024-11-12,2.37,19.72,-12.7,63.67,3.87,84.41625715915359,28.384473651989683
41002,2024-11-19,2024-11-12,0.14,-0.97,-17.57,43.75,5.11,84.23058225553018,28.7694643939432
43001,2024-11-19,2024-11-12,0.44,14.75,-10.82,60.86,3.62,83.70910618750692,28.529845671745345
43006,2024-11-19,2024-11-12,0.71,14.75,-0.18,67.71,3.86,83.51773779875951,28.53293180507126
62006,2024-11-19,2024-11-12,0.0,10.06,-17.42,39.3,5.8,82.96527452353801,29.38211619530229
59003,2024-11-19,2024-11-12,0.0,20.9,12.48,56.98,2.45,81.63452200688998,28.60232705679872
59005,2024-11-19,2024-11-12,0.0,18.9,4.27,66.23,3.58,81.83161980138118,28.620718334108204
69010,2024-11-19,2024-11-12,0.0,22.12,8.87,66.92,4.38,81.42857852907186,28.90676043797281
76003,2024-11-19,2024-11-12,0.0,21.97,10.58,70.35,3.65,84.063673168262,27.812290497290647
76004,2024-11-19,2024-11-12,0.0,23.9,11.87,70.42,2.57,84.20559267364416,27.715610551758928
76005,2024-11-19,2024-11-12,0.0,24.78,10.84,71.78,3.26,84.32936232146793,27.72983866771069
76008,2024-11-19,2024-11-12,0.0,24.84,10.58,70.25,3.89,83.9802271371936,27.628162621734685
69099,2024-11-19,2024-11-12,0.0,21.0,3.24,58.83,3.88,81.16876506895825,29.344029514697265
15099,2024-11-19,2024-11-12,0.0,27.03,15.68,74.32,4.04,86.97074749577224,26.642039270072534
2006,2024-11-19,2024-11-12,0.33,20.18,0.34,81.14,3.31,87.79937518416166,27.11691535394473
3009,2024-11-19,2024-11-12,1.82,16.09,0.34,84.0,3.13,87.95464821133956,27.050504567102443
4007,2024-11-19,2024-11-12,0.0,27.68,16.31,71.94,4.7,87.70501865786001,26.53256108034856
4011,2024-11-19,2024-11-12,0.0,27.81,16.62,72.21,4.9,87.99956983020199,26.423716116325423
5002,2024-11-19,2024-11-12,0.0,27.4,16.15,74.16,4.66,87.27721304774124,26.44942190077469
5012,2024-11-19,2024-11-12,0.0,27.5,16.84,69.08,3.26,87.56522077992518,26.611891514885453
5015,2024-11-19,2024-11-12,0.02,27.22,13.55,73.8,4.55,87.34990862584337,26.657538266762003
6005,2024-11-19,2024-11-12,0.09,25.84,13.55,74.55,6.01,87.27450415769975,26.800918886727008
11005,2024-11-19,2024-11-12,1.26,15.53,-14.92,69.52,3.89,86.9020900439842,27.64476767341091
27002,2024-11-19,2024-11-12,1.16,20.59,9.42,76.55,3.57,85.2295498629093,27.686886622901504
27003,2024-11-19,2024-11-12,1.55,15.97,9.42,79.52,2.51,85.26113671186424,27.616227614011773
27004,2024-11-19,2024-11-12,0.0,18.65,9.42,70.32,3.9,85.41397601354551,27.773949753697103
27005,2024-11-19,2024-11-12,0.03,18.65,9.42,75.19,2.98,85.41927176559565,27.735166944848427
27006,2024-11-19,2024-11-12,0.24,20.59,9.42,75.87,3.27,85.32728203711999,27.70902258525178
27007,2024-11-19,2024-11-12,1.55,15.97,9.42,79.52,2.51,85.27516345968102,27.66680625015296
46003,2024-11-19,2024-11-12,0.0,20.59,4.77,72.9,4.32,83.14308177359091,28.11162346494132
46006,2024-11-19,2024-11-12,0.0,20.62,6.37,69.96,3.66,83.54234159878709,28.051366571177724
46011,2024-11-19,2024-11-12,0.0,20.03,11.49,66.18,3.56,83.42153248759335,27.980683077845008
40001,2024-11-19,2024-11-12,0.7,18.59,-14.63,61.84,3.1,83.82525752589663,28.442430440109536
45003,2024-11-19,2024-11-12,0.0,18.22,6.37,72.13,3.6,83.4717534435168,28.15026650499833
45007,2024-11-19,2024-11-12,0.01,18.22,2.02,72.58,3.91,83.51216235733597,28.261931965456352
45010,2024-11-19,2024-11-12,0.08,15.56,2.02,77.44,3.73,83.40177420184072,28.311926867907705
2004,2024-11-19,2024-11-12,0.74,20.18,7.87,79.65,3.93,87.63028104459814,27.068003087371995
2005,2024-11-19,2024-11-12,0.46,21.62,10.15,74.36,3.29,87.62555018795186,26.92427859304281
2008,2024-11-19,2024-11-12,0.42,18.31,0.34,82.79,2.87,87.95146738943218,27.282300413847832
12005,2024-11-19,2024-11-12,0.04,21.47,9.8,75.98,2.75,86.46863038474432,27.21720577476797
12007,2024-11-19,2024-11-12,1.27,21.47,5.4,82.51,3.42,86.51408131286085,27.32366624120944
16014,2024-11-19,2024-11-12,0.0,27.65,14.96,76.89,5.92,86.43276743123036,26.607957499203664
16017,2024-11-19,2024-11-12,0.08,27.65,14.77,75.46,6.42,86.35030489469912,26.69669913298319
15001,2024-11-19,2024-11-12,0.0,26.97,14.9,75.91,4.63,86.79455652439981,26.647173079901396
18003,2024-11-19,2024-11-12,0.0,26.87,11.27,74.43,5.58,85.85533998497685,27.03606546939721
18010,2024-11-19,2024-11-12,0.0,26.87,14.62,73.78,5.21,85.75339830027144,26.72478619479792
19002,2024-11-19,2024-11-12,0.0,26.22,14.93,72.78,5.23,85.36873436316891,26.795307954581222
22003,2024-11-19,2024-11-12,2.42,13.03,-15.45,66.34,4.34,86.15871618789441,27.9356379499031
22004,2024-11-19,2024-11-12,1.06,15.15,-15.32,48.63,4.97,86.34343033702297,27.823556184506806
22006,2024-11-19,2024-11-12,0.41,15.56,4.18,73.72,3.61,86.08848479843478,27.7497527559243
28006,2024-11-19,2024-11-12,0.0,20.59,8.32,69.89,4.31,85.22426379945408,27.892982219122597
28007,2024-11-19,2024-11-12,0.0,17.22,8.3,67.61,3.55,85.05629895715836,27.98860753959165
28009,2024-11-19,2024-11-12,0.0,20.59,9.42,71.94,4.26,85.37499393907372,27.852651338885178
28011,2024-11-19,2024-11-12,0.0,16.81,1.96,62.34,3.48,85.3297070281639,27.9562236213872
32001,2024-11-19,2024-11-12,0.0,26.34,14.65,73.91,4.17,85.21874279344479,26.89057306647196
32003,2024-11-19,2024-11-12,0.0,26.47,13.84,75.67,3.84,85.36820140073374,27.138914444543158
32007,2024-11-19,2024-11-12,0.0,26.47,14.65,74.58,3.55,85.31651768867042,26.953848938376986
32010,2024-11-19,2024-11-12,0.0,26.34,15.4,70.4,5.17,85.21340638922003,26.79345546154157
32012,2024-11-19,2024-11-12,0.0,26.47,14.65,73.09,4.37,85.32942371630317,26.89094162350583
32013,2024-11-19,2024-11-12,0.0,26.34,14.65,73.91,4.17,85.20124712606042,26.92977975296755
49002,2024-11-19,2024-11-12,0.0,24.93,10.15,68.99,3.25,83.5596935183352,27.65122706657828
49009,2024-11-19,2024-11-12,0.0,24.93,13.93,67.34,3.94,83.51025730327899,27.53463178700804
47007,2024-11-19,2024-11-12,0.0,21.97,8.49,72.9,4.0,83.88356461201091,27.85379965808959
39007,2024-11-19,2024-11-12,0.0,21.97,8.49,75.03,3.49,83.95780252634988,27.983337400543263
44004,2024-11-19,2024-11-12,0.02,21.22,6.37,72.88,3.7,83.66935396865182,28.09447975712085
62001,2024-11-19,2024-11-12,0.0,5.65,-18.66,31.49,6.34,83.36755785263404,28.97924114414363
63003,2024-11-19,2024-11-12,0.0,13.22,-3.77,55.24,5.02,81.93307513024702,29.27422490653304
59006,2024-11-19,2024-11-12,0.0,21.78,9.3,66.43,3.28,81.89186411352345,28.42902125057109
48001,2024-11-19,2024-11-12,0.0,25.09,12.56,70.21,3.94,83.79580183135704,27.55649625772168
28088,2024-11-19,2024-11-12,0.0,20.59,9.42,71.94,4.26,85.36536953158843,27.8186193413397
28099,2024-11-19,2024-11-12,0.0,10.28,1.96,58.47,2.97,85.43867111142775,28.023474684603705
32017,2024-11-19,2024-11-12,0.0,26.34,15.4,70.4,5.17,85.25587344455748,26.81693883234594
32018,2024-11-19,2024-11-12,0.0,26.34,14.93,71.59,5.2,85.29682911823622,26.84555987519364
49001,2024-11-19,2024-11-12,0.0,24.93,10.15,68.99,3.25,83.43310417373722,27.689110657491828
49003,2024-11-19,2024-11-12,0.0,24.93,15.84,68.77,2.29,83.27563968877752,27.57994520453965
49004,2024-11-19,2024-11-12,0.0,24.93,15.84,68.77,2.29,83.26055978691011,27.64277679123373
49006,2024-11-19,2024-11-12,0.0,24.93,13.93,69.63,3.93,83.26661485055327,27.47286375069806
49007,2024-11-19,2024-11-12,0.0,24.56,13.93,70.48,5.57,83.35123762054069,27.373402947203875
49008,2024-11-19,2024-11-12,0.0,24.93,13.93,70.24,4.03,83.36247587889991,27.51492584443325
40002,2024-11-19,2024-11-12,1.92,20.18,-14.63,66.33,3.57,83.9611220257474,28.436113682107724
40003,2024-11-19,2024-11-12,1.16,20.18,-14.63,66.22,3.46,84.13723217165126,28.36606904509112
40004,2024-11-19,2024-11-12,0.13,21.25,2.09,70.29,3.48,83.98934305450666,28.21051762938717
